{"Greg Kirczenow": [[0.46488332748413086, "Pawan Lingras"], [0.6197134256362915, "Nikita Neveditsin"], [0.6474342346191406, "Ethan Cooke"], [0.6765697598457336, "Louise Fear"], [0.6779930591583252, "SicongFu"]], "Nikita Neveditsin": [[0.19991576671600342, "Ethan Cooke"], [0.37915563583374023, "Louise Fear"], [0.4011850357055664, "Sudeep Raj Badal"], [0.4418121576309204, "Mohammed Abdul Thoufiq"], [0.46048349142074585, "Sukanta Dey Amit"]], "Pawan Lingras": [[0.4088812470436096, "Ethan Cooke"], [0.4561039209365845, "Sudeep Raj Badal"], [0.4637677073478699, "Nikita Neveditsin"], [0.46480852365493774, "Louise Fear"], [0.46488332748413086, "Greg Kirczenow"]], "Somto Muotoe": [[0.35155200958251953, "Samir Amin Sheikh"], [0.3647614121437073, "Ethan Cooke"], [0.36907148361206055, "Sukanta Dey Amit"], [0.37641793489456177, "Louise Fear"], [0.38679271936416626, "Sai Vishnu Teja Reddy Pulim"]], "Mohamed Drira": [[0.4747530221939087, "Ethan Cooke"], [0.5269062519073486, "Nikita Neveditsin"], [0.5963411927223206, "Sukanta Dey Amit"], [0.596463143825531, "Sudeep Raj Badal"], [0.611296534538269, "Pawan Lingras"]], "Ethan Cooke": [[0.19991576671600342, "Nikita Neveditsin"], [0.25912564992904663, "Louise Fear"], [0.2764497995376587, "Sudeep Raj Badal"], [0.28027456998825073, "Mohammed Abdul Thoufiq"], [0.34982728958129883, "Sukanta Dey Amit"]], "Sudeep Raj Badal": [[0.22725480794906616, "Louise Fear"], [0.2730894684791565, "Sukanta Dey Amit"], [0.2764497995376587, "Ethan Cooke"], [0.31927794218063354, "Mohammed Abdul Thoufiq"], [0.3292959928512573, "Sai Vishnu Teja Reddy Pulim"]], "Justin Kaiser": [[0.4732398986816406, "Kedar Gaikwad"], [0.4830012321472168, "Somto Muotoe"], [0.5200231075286865, "Ethan Cooke"], [0.5227524042129517, "Samir Amin Sheikh"], [0.5443856716156006, "Sukanta Dey Amit"]], "Yaxuan Zhang": [[0.46073347330093384, "Somto Muotoe"], [0.5042394399642944, "Samir Amin Sheikh"], [0.53055739402771, "Sai Vishnu Teja Reddy Pulim"], [0.5562539100646973, "Karthikeya Kanumuri"], [0.5709497928619385, "Sukanta Dey Amit"]], "Sai Vishnu Teja Reddy Pulim": [[0.2772367596626282, "Sukanta Dey Amit"], [0.32638996839523315, "Karthikeya Kanumuri"], [0.3292959928512573, "Sudeep Raj Badal"], [0.3486201763153076, "Louise Fear"], [0.3596629500389099, "Ethan Cooke"]], "Max Zhao": [[0.37965279817581177, "Anuja Gamage"], [0.4180734157562256, "Karthikeya Kanumuri"], [0.43993455171585083, "Somto Muotoe"], [0.46452224254608154, "Sai Vishnu Teja Reddy Pulim"], [0.48071807622909546, "Sriram Ramesh"]], "Karthikeya Kanumuri": [[0.27121150493621826, "Sukanta Dey Amit"], [0.32638996839523315, "Sai Vishnu Teja Reddy Pulim"], [0.33971261978149414, "Mohammed Abdul Thoufiq"], [0.40688759088516235, "Sudeep Raj Badal"], [0.4162015914916992, "Somto Muotoe"]], "Mohammed Abdul Thoufiq": [[0.25023967027664185, "Sukanta Dey Amit"], [0.28027456998825073, "Ethan Cooke"], [0.31927794218063354, "Sudeep Raj Badal"], [0.33971261978149414, "Karthikeya Kanumuri"], [0.3556489944458008, "Louise Fear"]], "SicongFu": [[0.5661807656288147, "Max Zhao"], [0.5933840274810791, "Mohammed Abdul Thoufiq"], [0.633415937423706, "Sukanta Dey Amit"], [0.6363970637321472, "Somto Muotoe"], [0.6456725597381592, "Sriram Ramesh"]], "Louise Fear": [[0.22725480794906616, "Sudeep Raj Badal"], [0.25912564992904663, "Ethan Cooke"], [0.2940041422843933, "Sukanta Dey Amit"], [0.3486201763153076, "Sai Vishnu Teja Reddy Pulim"], [0.3556489944458008, "Mohammed Abdul Thoufiq"]], "Sukanta Dey Amit": [[0.25023967027664185, "Mohammed Abdul Thoufiq"], [0.27121150493621826, "Karthikeya Kanumuri"], [0.2730894684791565, "Sudeep Raj Badal"], [0.2772367596626282, "Sai Vishnu Teja Reddy Pulim"], [0.2940041422843933, "Louise Fear"]], "Kedar Gaikwad": [[0.40944910049438477, "Somto Muotoe"], [0.4293767809867859, "Samir Amin Sheikh"], [0.43616509437561035, "Sukanta Dey Amit"], [0.44899827241897583, "Mohammed Abdul Thoufiq"], [0.45846688747406006, "Sai Vishnu Teja Reddy Pulim"]], "Anuja Gamage": [[0.37965279817581177, "Max Zhao"], [0.5004861354827881, "Samir Amin Sheikh"], [0.5223314166069031, "Sriram Ramesh"], [0.557260274887085, "Kedar Gaikwad"], [0.5834428071975708, "Somto Muotoe"]], "Sriram Ramesh": [[0.407615602016449, "Mohammed Abdul Thoufiq"], [0.41700977087020874, "Somto Muotoe"], [0.427953839302063, "Ethan Cooke"], [0.42861467599868774, "Sai Vishnu Teja Reddy Pulim"], [0.43336957693099976, "Karthikeya Kanumuri"]], "Samir Amin Sheikh": [[0.35155200958251953, "Somto Muotoe"], [0.4293767809867859, "Kedar Gaikwad"], [0.5004861354827881, "Anuja Gamage"], [0.5042394399642944, "Yaxuan Zhang"], [0.513426661491394, "Sukanta Dey Amit"]]}